{"loss": [NaN, NaN, NaN, NaN, NaN, NaN, NaN, NaN, NaN, NaN, NaN, NaN, NaN, NaN, NaN, NaN, NaN, NaN, NaN, NaN, NaN, NaN, NaN, NaN, NaN, NaN], "mean_absolute_error": [NaN, NaN, NaN, NaN, NaN, NaN, NaN, NaN, NaN, NaN, NaN, NaN, NaN, NaN, NaN, NaN, NaN, NaN, NaN, NaN, NaN, NaN, NaN, NaN, NaN, NaN], "mean_q": [NaN, NaN, NaN, NaN, NaN, NaN, NaN, NaN, NaN, NaN, NaN, NaN, NaN, NaN, NaN, NaN, NaN, NaN, NaN, NaN, NaN, NaN, NaN, NaN, NaN, NaN], "mean_eps": [NaN, NaN, NaN, NaN, NaN, NaN, NaN, NaN, NaN, NaN, NaN, NaN, NaN, NaN, NaN, NaN, NaN, NaN, NaN, NaN, NaN, NaN, NaN, NaN, NaN, NaN], "episode_reward": [0.0, 0.0, 0.0, 0.0, 0.0, 0.0, 2.0, 1.0, 0.0, 0.0, 0.0, 0.0, 0.0, 0.0, 0.0, 0.0, 0.0, 0.0, 0.0, 2.0, 0.0, 0.0, 0.0, 0.0, 1.0, 0.0], "nb_episode_steps": [30, 29, 25, 31, 29, 36, 101, 75, 25, 25, 33, 31, 33, 35, 25, 30, 27, 29, 25, 105, 27, 28, 36, 25, 73, 32], "nb_steps": [30, 59, 84, 115, 144, 180, 281, 356, 381, 406, 439, 470, 503, 538, 563, 593, 620, 649, 674, 779, 806, 834, 870, 895, 968, 1000], "episode": [0, 1, 2, 3, 4, 5, 6, 7, 8, 9, 10, 11, 12, 13, 14, 15, 16, 17, 18, 19, 20, 21, 22, 23, 24, 25], "duration": [0.9537277729832567, 0.17259619903052226, 0.13355405296897516, 0.1784385379869491, 0.14528339396929368, 0.17233254597522318, 0.48238154395949095, 0.37571455899160355, 0.1499149200390093, 0.12445231300080195, 0.21207933902041987, 0.16681098198750988, 0.18321613100124523, 0.2083889739587903, 0.1404324169852771, 0.14755207201233134, 0.15153306297725067, 0.19612250401405618, 0.12473428796511143, 0.4838216560310684, 0.135183046979364, 0.13856529002077878, 0.1934405980282463, 0.12926265795249492, 0.3401490680407733, 0.15472466096980497]}